{"macro_metrics": {"precision": 0.9805372841640663, "recall": 0.9790000000000001, "f1": 0.9789696456681446, "accuracy": 0.9790000000000001, "cfx": "[[206.0, 0.0, 0.0, 0.2, 0.0, 0.0, 0.2, 0.0, 0.0, 0.2], [0.0, 192.0, 0.0, 0.0, 0.0, 0.0, 0.0, 0.0, 0.0, 0.0], [0.4, 0.0, 205.2, 0.2, 0.0, 3.2, 0.0, 0.0, 0.0, 0.4], [0.0, 0.0, 0.0, 202.6, 0.0, 0.0, 0.0, 0.0, 0.0, 0.0], [0.6, 1.8, 1.4, 0.4, 192.4, 0.0, 0.0, 0.0, 0.0, 0.0], [1.6, 0.0, 14.8, 0.0, 0.0, 185.8, 0.0, 0.0, 0.0, 0.0], [0.4, 0.0, 0.6, 0.0, 2.0, 0.2, 198.0, 0.0, 0.0, 0.0], [4.6, 1.0, 1.0, 0.0, 0.0, 0.0, 0.2, 200.6, 0.0, 0.0], [1.6, 0.0, 0.6, 0.0, 0.8, 0.2, 2.0, 1.2, 176.4, 0.0], [0.0, 0.0, 0.2, 0.0, 0.0, 0.0, 0.0, 0.0, 0.0, 199.0]]"}, "micro_metrics": {"precision": 0.9796513892188384, "recall": 0.979, "f1": 0.9790167357943969, "accuracy": 0.979, "cfx": "[[1030, 0, 0, 1, 0, 0, 1, 0, 0, 1], [0, 960, 0, 0, 0, 0, 0, 0, 0, 0], [2, 0, 1026, 1, 0, 16, 0, 0, 0, 2], [0, 0, 0, 1013, 0, 0, 0, 0, 0, 0], [3, 9, 7, 2, 962, 0, 0, 0, 0, 0], [8, 0, 74, 0, 0, 929, 0, 0, 0, 0], [2, 0, 3, 0, 10, 1, 990, 0, 0, 0], [23, 5, 5, 0, 0, 0, 1, 1003, 0, 0], [8, 0, 3, 0, 4, 1, 10, 6, 882, 0], [0, 0, 1, 0, 0, 0, 0, 0, 0, 995]]"}}