{"macro_metrics": {"precision": 0.4990004379495987, "recall": 0.3862771372734984, "f1": 0.35252956525011814, "accuracy": 0.3862771372734984, "cfx": "[[110.0, 6.0, 0.0, 0.0, 67.33333333333333, 0.0, 0.0, 0.3333333333333333, 0.0, 1.3333333333333333, 0.0, 22.666666666666668, 23.666666666666668, 0.0, 0.0, 1.6666666666666667, 0.0, 1.3333333333333333, 0.0, 0.6666666666666666, 0.0, 1.0, 0.0, 0.6666666666666666], [0.0, 228.66666666666666, 0.0, 1.3333333333333333, 3.0, 0.3333333333333333, 0.0, 0.0, 0.0, 7.0, 0.0, 0.0, 0.0, 0.0, 0.0, 0.0, 0.0, 0.0, 0.0, 0.0, 0.0, 0.6666666666666666, 0.0, 0.0], [0.0, 2.0, 200.66666666666666, 0.0, 0.0, 0.6666666666666666, 1.6666666666666667, 0.0, 0.0, 0.3333333333333333, 1.0, 0.0, 0.0, 44.666666666666664, 0.3333333333333333, 0.3333333333333333, 0.0, 0.0, 0.3333333333333333, 0.0, 0.6666666666666666, 0.0, 0.3333333333333333, 0.0], [0.0, 34.333333333333336, 0.0, 63.0, 1.0, 13.666666666666666, 0.0, 0.0, 3.3333333333333335, 32.666666666666664, 0.0, 0.0, 3.0, 0.0, 0.0, 3.3333333333333335, 3.6666666666666665, 0.0, 0.0, 63.0, 0.6666666666666666, 10.333333333333334, 1.0, 0.0], [3.6666666666666665, 49.0, 0.0, 0.6666666666666666, 179.66666666666666, 0.3333333333333333, 0.0, 0.0, 0.0, 0.0, 0.0, 5.0, 1.0, 0.0, 0.0, 0.0, 0.0, 0.0, 0.0, 0.0, 0.0, 0.0, 0.0, 0.0], [0.3333333333333333, 79.0, 0.0, 9.333333333333334, 3.0, 76.33333333333333, 3.6666666666666665, 0.0, 6.333333333333333, 0.3333333333333333, 0.3333333333333333, 0.3333333333333333, 5.666666666666667, 5.333333333333333, 0.0, 6.0, 4.333333333333333, 0.0, 5.333333333333333, 7.666666666666667, 2.0, 16.666666666666668, 0.3333333333333333, 1.0], [0.0, 13.666666666666666, 1.0, 0.3333333333333333, 0.6666666666666666, 8.0, 143.33333333333334, 16.333333333333332, 0.0, 0.6666666666666666, 11.333333333333334, 0.0, 1.0, 4.333333333333333, 0.0, 1.3333333333333333, 0.6666666666666666, 0.0, 27.333333333333332, 6.333333333333333, 0.0, 5.666666666666667, 0.0, 5.0], [0.0, 3.0, 0.0, 0.0, 2.0, 0.0, 32.0, 145.0, 2.0, 9.666666666666666, 5.666666666666667, 0.0, 1.0, 0.3333333333333333, 3.3333333333333335, 1.6666666666666667, 0.0, 0.0, 28.666666666666668, 3.3333333333333335, 0.0, 1.0, 0.3333333333333333, 5.0], [0.6666666666666666, 35.0, 0.0, 44.0, 3.0, 26.0, 3.3333333333333335, 0.3333333333333333, 20.333333333333332, 2.6666666666666665, 0.3333333333333333, 0.3333333333333333, 9.666666666666666, 0.0, 0.0, 5.333333333333333, 4.0, 1.0, 3.3333333333333335, 51.666666666666664, 6.666666666666667, 19.333333333333332, 2.6666666666666665, 12.666666666666666], [0.0, 49.666666666666664, 0.0, 0.6666666666666666, 0.0, 1.0, 0.0, 0.0, 0.0, 142.66666666666666, 0.0, 0.0, 0.0, 0.0, 0.0, 0.0, 2.6666666666666665, 0.0, 0.0, 24.0, 2.6666666666666665, 6.333333333333333, 0.0, 0.6666666666666666], [0.0, 1.0, 1.0, 5.333333333333333, 0.0, 3.0, 11.666666666666666, 0.0, 0.0, 15.333333333333334, 160.66666666666666, 0.0, 0.0, 0.0, 4.333333333333333, 2.6666666666666665, 21.0, 0.0, 1.3333333333333333, 5.333333333333333, 2.6666666666666665, 2.0, 2.3333333333333335, 7.0], [26.0, 37.666666666666664, 0.0, 9.333333333333334, 103.33333333333333, 8.0, 0.3333333333333333, 1.6666666666666667, 4.0, 0.0, 0.0, 25.666666666666668, 11.666666666666666, 0.0, 0.0, 5.333333333333333, 0.0, 0.6666666666666666, 0.0, 6.0, 0.3333333333333333, 5.666666666666667, 0.0, 1.0], [32.0, 41.0, 0.0, 9.0, 56.0, 3.6666666666666665, 0.3333333333333333, 0.6666666666666666, 7.0, 3.3333333333333335, 0.0, 20.666666666666668, 32.666666666666664, 1.3333333333333333, 0.0, 8.0, 0.0, 2.3333333333333335, 0.0, 5.333333333333333, 0.0, 2.0, 0.0, 3.3333333333333335], [0.0, 30.0, 14.0, 0.0, 25.0, 2.6666666666666665, 3.6666666666666665, 5.333333333333333, 0.0, 0.0, 0.0, 0.0, 1.0, 143.33333333333334, 0.0, 3.0, 0.0, 0.0, 11.666666666666666, 1.3333333333333333, 0.0, 0.3333333333333333, 2.3333333333333335, 0.0], [0.0, 10.0, 0.0, 14.666666666666666, 0.3333333333333333, 16.0, 1.6666666666666667, 1.3333333333333333, 5.333333333333333, 62.666666666666664, 3.6666666666666665, 0.6666666666666666, 4.333333333333333, 0.0, 28.0, 32.0, 14.0, 0.3333333333333333, 0.0, 9.0, 2.3333333333333335, 20.0, 0.6666666666666666, 15.333333333333334], [0.6666666666666666, 17.333333333333332, 1.3333333333333333, 17.666666666666668, 16.666666666666668, 9.333333333333334, 0.6666666666666666, 10.333333333333334, 10.0, 1.3333333333333333, 8.666666666666666, 0.6666666666666666, 1.6666666666666667, 1.6666666666666667, 3.0, 112.66666666666667, 2.3333333333333335, 1.6666666666666667, 8.333333333333334, 5.0, 3.0, 2.0, 8.666666666666666, 1.0], [0.0, 46.333333333333336, 0.0, 16.0, 0.0, 4.666666666666667, 0.0, 0.0, 0.0, 73.0, 0.3333333333333333, 0.0, 0.0, 0.0, 0.0, 0.0, 5.0, 0.0, 0.0, 64.33333333333333, 3.3333333333333335, 25.666666666666668, 0.3333333333333333, 0.0], [19.0, 31.666666666666668, 0.0, 6.666666666666667, 50.0, 8.0, 0.6666666666666666, 0.0, 6.666666666666667, 6.0, 0.0, 23.0, 26.333333333333332, 0.0, 0.0, 1.0, 0.3333333333333333, 11.666666666666666, 0.0, 26.666666666666668, 3.6666666666666665, 16.666666666666668, 0.0, 3.3333333333333335], [0.0, 11.333333333333334, 0.6666666666666666, 1.3333333333333333, 0.0, 4.666666666666667, 39.333333333333336, 20.666666666666668, 0.0, 3.0, 0.6666666666666666, 0.0, 1.0, 0.0, 0.0, 1.3333333333333333, 1.3333333333333333, 0.0, 126.33333333333333, 17.333333333333332, 1.6666666666666667, 6.0, 0.3333333333333333, 2.3333333333333335], [0.0, 48.666666666666664, 0.0, 8.0, 0.0, 1.6666666666666667, 0.3333333333333333, 0.0, 0.0, 66.0, 0.0, 0.0, 0.0, 0.0, 0.0, 0.0, 5.0, 0.0, 0.0, 77.66666666666667, 2.3333333333333335, 34.333333333333336, 0.0, 0.0], [0.0, 32.333333333333336, 0.0, 1.3333333333333333, 0.0, 3.0, 14.0, 0.0, 0.0, 23.333333333333332, 3.6666666666666665, 0.0, 0.6666666666666666, 0.0, 0.0, 0.0, 9.333333333333334, 0.0, 0.6666666666666666, 76.66666666666667, 16.666666666666668, 46.333333333333336, 1.3333333333333333, 0.6666666666666666], [0.3333333333333333, 108.33333333333333, 0.0, 0.0, 0.3333333333333333, 6.0, 0.6666666666666666, 0.0, 0.0, 14.666666666666666, 0.0, 0.0, 0.3333333333333333, 0.0, 0.0, 0.0, 4.0, 0.0, 0.0, 31.666666666666668, 7.666666666666667, 67.33333333333333, 0.3333333333333333, 2.0], [0.0, 17.666666666666668, 4.333333333333333, 21.666666666666668, 0.0, 32.0, 7.666666666666667, 1.3333333333333333, 0.0, 8.333333333333334, 13.0, 0.0, 1.3333333333333333, 5.333333333333333, 0.6666666666666666, 23.666666666666668, 6.333333333333333, 0.0, 6.0, 29.0, 1.3333333333333333, 10.666666666666666, 38.0, 0.6666666666666666], [0.6666666666666666, 8.666666666666666, 0.0, 32.666666666666664, 0.0, 7.333333333333333, 2.6666666666666665, 5.666666666666667, 6.666666666666667, 32.666666666666664, 8.0, 0.0, 6.0, 0.0, 0.6666666666666666, 1.0, 9.666666666666666, 0.0, 0.6666666666666666, 26.333333333333332, 6.333333333333333, 11.0, 0.6666666666666666, 74.0]]"}, "micro_metrics": {"precision": 0.4452565699964498, "recall": 0.386277001270648, "f1": 0.36636528759877623, "accuracy": 0.386277001270648,