{"macro_metrics": {"precision": 0.18571043332903397, "recall": 0.2041, "f1": 0.14093774785268934, "accuracy": 0.2041, "cfx": "[[95.6, 45.4, 18.0, 21.8, 1.2, 11.4, 0.0, 10.4, 2.2, 0.0], [9.6, 133.6, 0.0, 21.6, 2.4, 19.0, 0.0, 5.4, 0.0, 0.0], [53.6, 46.4, 28.8, 31.8, 4.6, 39.0, 0.0, 5.0, 1.2, 0.0], [32.6, 66.4, 19.8, 58.0, 4.8, 17.8, 0.0, 2.2, 0.0, 0.0], [38.4, 64.6, 13.8, 25.8, 23.4, 27.8, 0.0, 4.4, 0.0, 0.0], [26.4, 59.4, 21.6, 20.0, 16.8, 49.8, 0.0, 6.8, 0.0, 0.0], [51.4, 51.2, 21.2, 22.8, 8.2, 35.6, 0.0, 10.8, 0.2, 0.0], [32.0, 76.4, 7.6, 21.6, 20.8, 28.2, 0.0, 14.8, 4.6, 1.0], [68.4, 55.0, 10.8, 10.4, 14.4, 11.8, 0.2, 8.4, 4.2, 0.2], [33.4, 76.2, 13.8, 38.6, 7.2, 24.4, 0.0, 5.6, 0.0, 0.0]]"}, "micro_metrics": {"precision": 0.17534558986960186, "recall": 0.2041, "f1": 0.15288413677273358, "accuracy": 0.2041, "cfx": "[[478, 227, 90, 109, 6, 57, 0, 52, 11, 0], [48, 668, 0, 108, 12, 95, 0, 27, 0, 0], [268, 232, 144, 159, 23, 195, 0, 25, 6, 0], [163, 332, 99, 290, 24, 89, 0, 11, 0, 0], [192, 323, 69, 129, 117, 139, 0, 22, 0, 0], [132, 297, 108, 100, 84, 249, 0, 34, 0, 0], [257, 256, 106, 114, 41, 178, 0, 54, 1, 0], [160, 382, 38, 108, 104, 141, 0, 74, 23, 5], [342, 275, 54, 52, 72, 59, 1, 42, 21, 1], [167, 381, 69, 193, 36, 122, 0, 28, 0, 0]]"}}