{"macro_metrics": {"precision": 0.9729872701328718, "recall": 0.967, "f1": 0.96542462745677, "accuracy": 0.967, "cfx": "[[205.8, 0.0, 0.0, 0.0, 0.2, 0.0, 0.0, 0.8, 0.2, 0.0], [0.0, 191.0, 0.0, 0.2, 0.0, 0.0, 0.0, 0.4, 0.0, 0.0], [0.0, 0.0, 204.8, 1.0, 0.0, 3.4, 0.0, 0.0, 0.0, 0.2], [0.0, 0.0, 0.2, 201.0, 0.0, 0.0, 0.8, 0.0, 0.0, 0.0], [0.0, 0.0, 0.0, 1.8, 192.0, 0.0, 3.4, 0.2, 0.0, 0.2], [0.0, 0.0, 37.4, 0.0, 0.0, 163.6, 0.0, 0.0, 0.0, 0.0], [0.0, 0.0, 0.0, 0.4, 2.2, 0.0, 194.6, 1.2, 2.2, 0.2], [0.0, 0.0, 0.0, 0.0, 1.0, 0.0, 2.0, 203.2, 0.8, 0.0], [1.6, 0.0, 0.0, 1.0, 0.8, 0.2, 0.6, 0.2, 179.0, 0.6], [0.0, 0.0, 0.2, 0.4, 0.0, 0.0, 0.0, 0.0, 0.0, 199.0]]"}, "micro_metrics": {"precision": 0.9692428016515398, "recall": 0.967, "f1": 0.9668343492445076, "accuracy": 0.967, "cfx": "[[1029, 0, 0, 0, 1, 0, 0, 4, 1, 0], [0, 955, 0, 1, 0, 0, 0, 2, 0, 0], [0, 0, 1024, 5, 0, 17, 0, 0, 0, 1], [0, 0, 1, 1005, 0, 0, 4, 0, 0, 0], [0, 0, 0, 9, 960, 0, 17, 1, 0, 1], [0, 0, 187, 0, 0, 818, 0, 0, 0, 0], [0, 0, 0, 2, 11, 0, 973, 6, 11, 1], [0, 0, 0, 0, 5, 0, 10, 1016, 4, 0], [8, 0, 0, 5, 4, 1, 3, 1, 895, 3], [0, 0, 1, 2, 0, 0, 0, 0, 0, 995]]"}}