{"macro_metrics": {"precision": 0.9648570408490681, "recall": 0.9596303782847242, "f1": 0.9599715340789994, "accuracy": 0.9596303782847242, "cfx": "[[143.4, 0.0, 0.0, 0.0, 0.0, 0.0, 0.0, 0.0, 0.0, 0.0, 0.0, 0.0, 0.0, 0.0, 0.0, 0.0, 0.0, 0.2, 0.0, 0.0, 0.0, 0.0, 0.0, 0.0], [0.0, 143.2, 0.0, 0.0, 0.0, 0.0, 0.2, 0.8, 0.2, 0.0, 0.0, 0.0, 0.0, 0.0, 0.0, 0.0, 0.0, 0.0, 0.0, 0.0, 0.0, 0.0, 0.0, 0.0], [0.0, 0.0, 144.2, 0.0, 0.0, 0.0, 0.2, 0.0, 0.0, 0.0, 0.0, 0.0, 0.0, 0.0, 0.0, 0.0, 0.0, 0.0, 0.0, 0.0, 0.0, 0.0, 0.0, 0.0], [0.0, 0.0, 0.0, 132.8, 0.0, 0.0, 0.8, 1.4, 0.2, 0.0, 0.0, 0.0, 0.0, 0.0, 0.0, 0.0, 2.8, 0.0, 1.4, 0.2, 0.0, 0.0, 0.6, 0.0], [0.8, 1.8, 0.0, 0.0, 136.4, 0.0, 0.0, 0.0, 0.0, 0.0, 0.0, 0.2, 0.4, 0.0, 0.0, 0.0, 0.0, 0.8, 0.0, 0.0, 0.0, 0.0, 0.0, 0.0], [0.0, 0.8, 0.0, 0.0, 0.0, 141.2, 1.0, 0.8, 2.0, 0.0, 0.0, 0.0, 0.0, 0.0, 0.0, 0.0, 0.0, 0.0, 1.8, 0.0, 0.0, 0.0, 0.0, 0.2], [0.0, 0.0, 0.0, 0.0, 0.0, 0.0, 145.0, 2.0, 0.0, 0.0, 0.0, 0.0, 0.0, 0.0, 0.0, 0.0, 0.0, 0.0, 0.6, 0.0, 0.0, 0.0, 0.0, 0.0], [0.0, 0.0, 0.0, 0.0, 0.0, 0.0, 1.4, 146.2, 0.0, 0.0, 0.0, 0.0, 0.0, 0.0, 0.0, 0.0, 0.0, 0.0, 0.0, 0.0, 0.0, 0.0, 0.0, 0.0], [0.8, 0.0, 0.0, 0.0, 0.0, 0.0, 0.0, 0.6, 141.4, 0.0, 0.0, 0.0, 0.0, 0.0, 0.0, 0.0, 0.0, 0.0, 0.0, 0.0, 0.0, 0.0, 0.0, 0.8], [0.0, 0.4, 0.0, 0.2, 0.0, 0.0, 1.2, 0.4, 0.0, 125.6, 0.0, 0.0, 0.0, 0.0, 0.0, 0.0, 2.4, 0.0, 0.4, 8.4, 0.2, 0.0, 0.0, 0.0], [0.0, 0.0, 0.0, 0.0, 0.0, 0.0, 0.6, 3.2, 0.0, 0.0, 143.0, 0.0, 0.0, 0.0, 0.0, 0.0, 0.0, 0.0, 1.8, 0.0, 0.0, 0.0, 0.0, 0.8], [1.6, 0.4, 0.0, 0.0, 1.2, 0.0, 0.0, 0.2, 0.2, 0.0, 0.0, 133.6, 8.0, 0.0, 0.0, 0.0, 0.0, 0.6, 0.0, 0.0, 0.0, 0.0, 0.0, 0.0], [4.4, 0.0, 0.0, 0.0, 0.0, 0.0, 0.0, 0.0, 0.0, 0.0, 0.0, 0.4, 138.8, 0.0, 0.0, 0.0, 0.0, 0.0, 0.0, 0.4, 0.0, 0.0, 0.0, 0.0], [0.0, 0.0, 1.2, 0.0, 0.2, 0.0, 0.0, 0.4, 0.0, 0.0, 0.0, 0.0, 0.0, 145.8, 0.0, 0.0, 0.0, 0.0, 0.0, 0.0, 0.0, 0.0, 0.2, 0.0], [0.0, 0.0, 0.0, 0.0, 0.0, 0.0, 0.0, 0.0, 0.0, 0.0, 0.0, 0.0, 0.0, 0.0, 137.8, 0.0, 0.0, 0.0, 0.0, 0.0, 0.0, 0.0, 0.0, 0.0], [0.0, 0.0, 0.0, 0.0, 0.0, 0.0, 0.0, 0.0, 0.0, 0.0, 0.0, 0.6, 0.0, 0.0, 0.6, 148.6, 0.0, 0.0, 0.0, 0.0, 0.0, 0.0, 0.0, 0.0], [0.0, 0.0, 0.0, 1.6, 0.0, 0.0, 0.0, 0.6, 0.0, 0.8, 0.0, 0.0, 0.0, 0.0, 0.0, 0.0, 130.0, 0.0, 1.0, 12.2, 0.0, 0.0, 0.0, 0.2], [4.0, 0.0, 0.0, 0.4, 2.6, 0.0, 0.0, 0.0, 0.0, 0.2, 0.0, 4.0, 5.0, 0.0, 0.0, 0.0, 0.0, 130.6, 0.0, 0.0, 0.0, 0.0, 0.0, 0.0], [0.0, 0.0, 0.0, 0.0, 0.0, 0.0, 5.2, 4.2, 0.0, 0.0, 0.0, 0.0, 0.0, 0.0, 0.0, 0.0, 0.0, 0.0, 133.2, 0.0, 0.0, 0.0, 0.0, 0.0], [0.0, 1.6, 0.0, 0.0, 0.0, 0.0, 0.0, 0.4, 0.0, 0.2, 0.0, 0.0, 0.0, 0.0, 0.0, 0.0, 2.2, 0.0, 0.2, 136.6, 0.4, 0.0, 0.0, 0.0], [0.0, 0.8, 0.0, 0.0, 0.0, 0.0, 0.2, 0.2, 0.0, 0.0, 0.0, 0.0, 0.0, 0.0, 0.0, 0.0, 1.2, 0.0, 2.4, 3.2, 126.0, 2.6, 0.0, 0.4], [0.0, 0.4, 0.0, 0.0, 0.0, 0.0, 0.0, 0.6, 0.0, 0.0, 0.0, 0.0, 0.0, 0.0, 0.0, 0.0, 0.0, 0.0, 1.0, 0.6, 4.4, 135.4, 0.0, 0.0], [0.0, 0.0, 0.0, 0.2, 0.0, 0.0, 2.8, 0.6, 0.0, 0.0, 0.0, 0.0, 0.0, 0.0, 0.2, 0.0, 0.0, 0.0, 3.4, 0.0, 0.0, 0.0, 138.0, 0.0], [0.0, 0.0, 0.0, 0.0, 0.0, 0.0, 0.0, 0.8, 0.2, 0.0, 0.0, 0.0, 0.0, 0.0, 0.0, 0.0, 0.2, 0.0, 0.0, 0.0, 0.0, 0.0, 0.0, 146.4]]"}, "micro_metrics": {"precision": 0.9615041160880631, "recall": 0.9596303782847242, "f1": 0.959789711870801, "accuracy": 0.9596303782847242, "cfx": "[[717, 0, 0, 0, 0, 0, 0, 0, 0, 0, 0, 0, 0, 0, 0, 0, 0, 1, 0, 0, 0, 0, 0, 0], [0, 716, 0, 0, 0, 0, 1, 4, 1, 0, 0, 0, 0, 0, 0, 0, 0, 0, 0, 0, 0, 0, 0, 0], [0, 0, 721, 0, 0, 0, 1, 0, 0, 0, 0, 0, 0, 0, 0, 0, 0, 0, 0, 0, 0, 0, 0, 0], [0, 0, 0, 664, 0, 0, 4, 7, 1, 0, 0, 0, 0, 0, 0, 0, 14, 0, 7, 1, 0, 0, 3, 0], [4, 9, 0, 0, 682, 0, 0, 0, 0, 0, 0, 1, 2, 0, 0, 0, 0, 4, 0, 0, 0, 0, 0, 0], [0, 4, 0, 0, 0, 706, 5, 4, 10, 0, 0, 0, 0, 0, 0, 0, 0, 0, 9, 0, 0, 0, 0, 1], [0, 0, 0, 0, 0, 0, 725, 10, 0, 0, 0, 0, 0, 0, 0, 0, 0, 0, 3, 0, 0, 0, 0, 0], [0, 0, 0, 0, 0, 0, 7, 731, 0, 0, 0, 0, 0, 0, 0, 0, 0, 0, 0, 0, 0, 0, 0, 0], [4, 0, 0, 0, 0, 0, 0, 3, 707, 0, 0, 0, 0, 0, 0, 0, 0, 0, 0, 0, 0, 0, 0, 4], [0, 2, 0, 1, 0, 0, 6, 2, 0, 628, 0, 0, 0, 0, 0, 0, 12, 0, 2, 42, 1, 0, 0, 0], [0, 0, 0, 0, 0, 0, 3, 16, 0, 0, 715, 0, 0, 0, 0, 0, 0, 0, 9, 0, 0, 0, 0, 4], [8, 2, 0, 0, 6, 0, 0, 1, 1, 0, 0, 668, 40, 0, 0, 0, 0, 3, 0, 0, 0, 0, 0, 0], [22, 0, 0, 0, 0, 0, 0, 0, 0, 0, 0, 2, 694, 0, 0, 0, 0, 0, 0, 2, 0, 0, 0, 0], [0, 0, 6, 0, 1, 0, 0, 2, 0, 0, 0, 0, 0, 729, 0, 0, 0, 0, 0, 0, 0, 0, 1, 0], [0, 0, 0, 0, 0, 0, 0, 0, 0, 0, 0, 0, 0, 0, 689, 0, 0, 0, 0, 0, 0, 0, 0, 0], [0, 0, 0, 0, 0, 0, 0, 0, 0, 0, 0, 3, 0, 0, 3, 743, 0, 0, 0, 0, 0, 0, 0, 0], [0, 0, 0, 8, 0, 0, 0, 3, 0, 4, 0, 0, 0, 0, 0, 0, 650, 0, 5, 61, 0, 0, 0, 1], [20, 0, 0, 2, 13, 0, 0, 0, 0, 1, 0, 20, 25, 0, 0, 0, 0, 653, 0, 0, 0, 0, 0, 0], [0, 0, 0, 0, 0, 0, 26, 21, 0, 0, 0, 0, 0, 0, 0, 0, 0, 0, 666, 0, 0, 0, 0, 0], [0, 8, 0, 0, 0, 0, 0, 2, 0, 1, 0, 0, 0, 0, 0, 0, 11, 0, 1, 683, 2, 0, 0, 0], [0, 4, 0, 0, 0, 0, 1, 1, 0, 0, 0, 0, 0, 0, 0, 0, 6, 0, 12, 16, 630, 13, 0, 2], [0, 2, 0, 0, 0, 0, 0, 3, 0, 0, 0, 0, 0, 0, 0, 0, 0, 0, 5, 3, 22, 677, 0, 0], [0, 0, 0, 1, 0, 0, 14, 3, 0, 0, 0, 0, 0, 0, 1, 0, 0, 0, 17, 0, 0, 0, 690, 0], [0, 0, 0, 0, 0, 0, 0, 4, 1, 0, 0, 0, 0, 0, 0, 0, 1, 0, 0, 0, 0, 0, 0, 732]]"}}