{"macro_metrics": {"precision": 0.9870863436252175, "recall": 0.9865, "f1": 0.9864826495499722, "accuracy": 0.9865, "cfx": "[[206.8, 0.0, 0.0, 0.0, 0.0, 0.0, 0.0, 0.0, 0.0, 0.0], [0.0, 191.2, 0.0, 0.0, 0.2, 0.0, 0.0, 0.0, 0.0, 0.0], [0.0, 0.0, 200.4, 0.0, 0.0, 8.6, 0.0, 0.0, 0.0, 0.0], [0.0, 0.0, 0.0, 202.2, 0.4, 0.0, 0.0, 0.0, 0.0, 0.2], [0.0, 0.0, 0.0, 0.0, 196.0, 0.0, 1.2, 0.0, 0.0, 0.0], [0.0, 0.0, 11.0, 0.0, 0.0, 190.8, 0.0, 0.0, 0.0, 0.0], [0.0, 0.0, 0.0, 0.0, 1.8, 0.0, 196.6, 1.0, 1.2, 0.0], [0.0, 0.0, 0.0, 0.0, 0.0, 0.0, 0.4, 206.4, 0.0, 0.0], [0.0, 0.0, 0.2, 0.0, 0.0, 0.0, 0.4, 0.0, 183.2, 0.0], [0.0, 0.0, 0.2, 0.0, 0.0, 0.0, 0.0, 0.0, 0.2, 199.4]]"}, "micro_metrics": {"precision": 0.986525166278876, "recall": 0.9865, "f1": 0.9865004422043717, "accuracy": 0.9865, "cfx": "[[1034, 0, 0, 0, 0, 0, 0, 0, 0, 0], [0, 956, 0, 0, 1, 0, 0, 0, 0, 0], [0, 0, 1002, 0, 0, 43, 0, 0, 0, 0], [0, 0, 0, 1011, 2, 0, 0, 0, 0, 1], [0, 0, 0, 0, 980, 0, 6, 0, 0, 0], [0, 0, 55, 0, 0, 954, 0, 0, 0, 0], [0, 0, 0, 0, 9, 0, 983, 5, 6, 0], [0, 0, 0, 0, 0, 0, 2, 1032, 0, 0], [0, 0, 1, 0, 0, 0, 2, 0, 916, 0], [0, 0, 1, 0, 0, 0, 0, 0, 1, 997]]"}}