{"macro_metrics": {"precision": 0.943888409897558, "recall": 0.8789, "f1": 0.8802844170779516, "accuracy": 0.8789, "cfx": "[[200.4, 0.4, 0.0, 0.0, 0.0, 0.0, 5.8, 0.0, 0.0, 0.0], [2.2, 169.6, 0.0, 20.4, 0.0, 0.0, 0.2, 0.0, 0.0, 0.0], [3.6, 3.6, 152.2, 3.2, 0.0, 16.8, 26.8, 1.4, 0.2, 1.2], [0.0, 0.0, 0.0, 182.8, 0.0, 0.0, 17.6, 0.0, 0.0, 0.0], [0.0, 0.0, 0.0, 0.0, 165.8, 0.4, 32.6, 0.4, 0.0, 0.0], [0.0, 2.0, 4.0, 0.0, 0.2, 186.8, 8.0, 0.0, 0.0, 0.0], [0.6, 0.0, 0.0, 0.0, 11.6, 0.0, 188.0, 0.2, 0.6, 0.0], [2.0, 1.0, 0.0, 0.0, 2.4, 2.2, 12.8, 187.0, 0.0, 0.0], [0.0, 0.0, 0.0, 0.0, 0.8, 2.8, 9.4, 1.4, 168.4, 0.2], [0.0, 0.0, 0.0, 0.0, 0.0, 6.8, 32.2, 0.0, 4.2, 156.8]]"}, "micro_metrics": {"precision": 0.9069247638136976, "recall": 0.8789, "f1": 0.8844759322596486, "accuracy": 0.8789, "cfx": "[[1002, 2, 0, 0, 0, 0, 29, 0, 0, 0], [11, 848, 0, 102, 0, 0, 1, 0, 0, 0], [18, 18, 761, 16, 0, 84, 134, 7, 1, 6], [0, 0, 0, 914, 0, 0, 88, 0, 0, 0], [0, 0, 0, 0, 829, 2, 163, 2, 0, 0], [0, 10, 20, 0, 1, 934, 40, 0, 0, 0], [3, 0, 0, 0, 58, 0, 940, 1, 3, 0], [10, 5, 0, 0, 12, 11, 64, 935, 0, 0], [0, 0, 0, 0, 4, 14, 47, 7, 842, 1], [0, 0, 0, 0, 0, 34, 161, 0, 21, 784]]"}}